pop	state	county	tract
4932	39	001	770100
4956	39	001	770200
7192	39	001	770300
4769	39	001	770400
3096	39	001	770500
3397	39	001	770600
4394	39	003	010100
4225	39	003	010200
1584	39	003	010300
5016	39	003	010600
7480	39	003	010800
4637	39	003	010900
6456	39	003	011000
2757	39	003	011200
7249	39	003	011300
3014	39	003	011400
2747	39	003	011500
2584	39	003	011600
2560	39	003	011800
3001	39	003	011900
2272	39	003	012000
3444	39	003	012100
3448	39	003	012200
3962	39	003	012300
2686	39	003	012400
2096	39	003	012600
1872	39	003	012700
1686	39	003	012900
4430	39	003	013000
2253	39	003	013100
1799	39	003	013200
1269	39	003	013300
2670	39	003	013400
1251	39	003	013600
1175	39	003	013700
2761	39	003	013800
3395	39	003	013900
3350	39	003	014000
2039	39	003	014100
8355	39	005	970100
5944	39	005	970200
3924	39	005	970300
3703	39	005	970400
2759	39	005	970500
5364	39	005	970600
5409	39	005	970700
4009	39	005	970800
4956	39	005	970900
4985	39	005	971000
3794	39	005	971100
4763	39	007	000101
3474	39	007	000102
3729	39	007	000103
4410	39	007	000200
2127	39	007	000300
1787	39	007	000400
4370	39	007	000500
2538	39	007	000601
3215	39	007	000602
4204	39	007	000603
3124	39	007	000701
2437	39	007	000702
3871	39	007	000703
4323	39	007	000704
1901	39	007	000801
5421	39	007	000802
4587	39	007	000900
5535	39	007	001001
3279	39	007	001002
2123	39	007	001101
5972	39	007	001102
7410	39	007	001200
3922	39	007	001301
3837	39	007	001302
7987	39	007	001400
0	39	007	990000
4427	39	009	972600
3890	39	009	972700
4610	39	009	972800
5281	39	009	972900
3626	39	009	973000
4167	39	009	973101
5137	39	009	973200
3881	39	009	973300
3573	39	009	973400
3697	39	009	973500
3562	39	009	973600
3759	39	009	973700
4922	39	009	973800
6658	39	009	973901
3650	39	009	973902
4049	39	011	040100
4289	39	011	040200
3636	39	011	040300
6515	39	011	040400
4841	39	011	040500
3560	39	011	040600
3747	39	011	040900
3660	39	011	041000
4182	39	011	041100
2000	39	011	041201
5388	39	011	041202
4265	39	013	010100
4090	39	013	010200
3213	39	013	010300
3531	39	013	010600
2644	39	013	010700
2583	39	013	010802
6461	39	013	010900
4810	39	013	011000
3877	39	013	011200
3885	39	013	011300
4467	39	013	011400
1605	39	013	011500
1256	39	013	011600
1390	39	013	011700
2862	39	013	011900
2670	39	013	012000
1303	39	013	012100
6187	39	013	012200
4113	39	013	012300
4581	39	013	012400
4308	39	015	951201
4571	39	015	951202
8313	39	015	951300
4232	39	015	951400
5311	39	015	951500
3668	39	015	951600
2735	39	015	951700
5425	39	015	951800
5901	39	015	951900
4408	39	017	000100
4470	39	017	000200
3131	39	017	000300
4162	39	017	000400
4670	39	017	000500
5277	39	017	000600
5204	39	017	001001
5882	39	017	001002
4479	39	017	001100
4507	39	017	001300
6675	39	017	010101
2795	39	017	010102
5894	39	017	010103
4999	39	017	010104
1988	39	017	010201
4236	39	017	010202
5569	39	017	010203
4490	39	017	010301
3587	39	017	010302
2360	39	017	010500
3464	39	017	010600
6609	39	017	010800
4512	39	017	010901
5048	39	017	010903
3734	39	017	010904
7528	39	017	010906
2451	39	017	010907
5212	39	017	010908
5039	39	017	010909
4475	39	017	010910
4154	39	017	010911
12770	39	017	011002
6195	39	017	011003
5868	39	017	011004
4226	39	017	011109
5272	39	017	011110
6831	39	017	011111
5427	39	017	011112
8316	39	017	011116
11450	39	017	011117
3197	39	017	011118
7544	39	017	011120
7983	39	017	011121
5493	39	017	011122
4571	39	017	011123
3525	39	017	011125
6376	39	017	011126
4551	39	017	011127
3275	39	017	011128
3783	39	017	011129
5151	39	017	011130
2909	39	017	011131
7732	39	017	011200
5253	39	017	011300
5585	39	017	011800
3234	39	017	012100
3194	39	017	012200
2455	39	017	012300
2258	39	017	012400
4870	39	017	012500
2530	39	017	012600
2971	39	017	012700
1318	39	017	013000
2041	39	017	013100
3750	39	017	013200
2134	39	017	013300
2270	39	017	013400
3120	39	017	013500
4997	39	017	013600
2715	39	017	013900
2344	39	017	014000
2262	39	017	014100
4695	39	017	014300
1588	39	017	014400
1053	39	017	014600
3937	39	017	014700
7192	39	017	014800
5006	39	017	014900
7708	39	017	015000
7220	39	017	015100
3559	39	019	720100
3650	39	019	720200
5178	39	019	720300
4161	39	019	720400
5327	39	019	720500
3482	39	019	720600
3182	39	019	720700
2000	39	021	010100
7303	39	021	010200
4146	39	021	010400
4143	39	021	010500
3883	39	021	010600
2745	39	021	011001
4307	39	021	011501
4859	39	021	011504
3389	39	021	011505
2853	39	021	011506
1689	39	023	000200
1360	39	023	000300
1995	39	023	000400
1503	39	023	000500
2700	39	023	000600
2829	39	023	000700
2618	39	023	000901
1061	39	023	000902
1467	39	023	001000
1410	39	023	001101
3136	39	023	001102
4541	39	023	001200
3614	39	023	001300
3477	39	023	001400
4965	39	023	001500
4155	39	023	001600
2442	39	023	001700
2857	39	023	001900
2165	39	023	002000
1680	39	023	002100
4259	39	023	002200
3205	39	023	002301
3962	39	023	002403
3129	39	023	002404
2139	39	023	002501
2979	39	023	002502
3819	39	023	002601
4067	39	023	002602
3772	39	023	002605
7548	39	023	002606
3413	39	023	002701
2373	39	023	002702
4619	39	023	002800
3830	39	023	002901
4358	39	023	002902
3057	39	023	003001
3411	39	023	003002
2580	39	023	003101
2046	39	023	003102
2773	39	023	003200
3545	39	023	003301
2519	39	023	003302
3711	39	023	003400
4525	39	023	003700
4846	39	025	040101
3074	39	025	040102
2313	39	025	040202
6511	39	025	040203
6796	39	025	040204
3732	39	025	040301
3462	39	025	040302
7554	39	025	040303
3743	39	025	040401
2791	39	025	040403
3733	39	025	040404
2848	39	025	040405
4706	39	025	040500
6730	39	025	040600
6714	39	025	040701
3966	39	025	040702
5963	39	025	040800
5812	39	025	040900
7647	39	025	041000
2815	39	025	041101
4492	39	025	041102
8587	39	025	041103
8622	39	025	041200
5362	39	025	041303
44	39	025	041304
5129	39	025	041305
4159	39	025	041306
4538	39	025	041307
4296	39	025	041403
4183	39	025	041404
5730	39	025	041405
4954	39	025	041406
6858	39	025	041501
7665	39	025	041502
5228	39	025	041600
4688	39	025	041701
3175	39	025	041702
3790	39	025	041800
5665	39	025	041900
6529	39	025	042000
3895	39	027	964300
5168	39	027	964400
6700	39	027	964500
2490	39	027	964600
5561	39	027	964700
4987	39	027	964800
5031	39	027	964900
4035	39	027	965000
4004	39	027	965100
5800	39	029	950100
4705	39	029	950200
5184	39	029	950300
4472	39	029	950400
5934	39	029	950500
5241	39	029	950600
5188	39	029	950700
4385	39	029	950800
3953	39	029	950900
5650	39	029	951000
4906	39	029	951100
4749	39	029	951200
3668	39	029	951300
7529	39	029	951400
4387	39	029	951500
5711	39	029	951600
4912	39	029	951700
3289	39	029	951800
3651	39	029	951900
2713	39	029	952000
1251	39	029	952100
2014	39	029	952200
3164	39	029	952300
4166	39	029	952400
4485	39	031	960900
4960	39	031	961000
4414	39	031	961100
2673	39	031	961200
3955	39	031	961300
3440	39	031	961400
2371	39	031	961500
2561	39	031	961600
2798	39	031	961700
5111	39	031	961800
3447	39	033	974100
4135	39	033	974200
2857	39	033	974300
3613	39	033	974400
3930	39	033	974500
2605	39	033	974600
3996	39	033	974700
2134	39	033	974800
3370	39	033	974900
3864	39	033	975000
2890	39	033	975100
2689	39	033	975200
3506	39	033	975300
1720	39	035	101101
4371	39	035	101102
2417	39	035	101200
1856	39	035	101300
1973	39	035	101400
2398	39	035	101501
2363	39	035	101603
2560	39	035	101700
2332	39	035	101800
1598	39	035	101901
3161	39	035	102101
2572	39	035	102102
2922	39	035	102200
2186	39	035	102300
2204	39	035	102401
3154	39	035	102402
3825	39	035	102700
1746	39	035	102800
2106	39	035	102900
1071	39	035	103100
2333	39	035	103300
2382	39	035	103400
2121	39	035	103500
3325	39	035	103602
1880	39	035	103800
1775	39	035	103900
997	39	035	104100
1174	39	035	104200
1821	39	035	104300
1431	39	035	104400
1221	39	035	104600
2011	39	035	104800
2170	39	035	104900
3203	39	035	105100
2911	39	035	105300
3626	39	035	105400
1877	39	035	105500
2477	39	035	105602
4272	39	035	105700
2926	39	035	105900
3696	39	035	106100
3791	39	035	106200
3213	39	035	106300
1037	39	035	106400
2859	39	035	106500
3725	39	035	106600
3062	39	035	106800
3780	39	035	106900
1587	39	035	107000
4628	39	035	107101
1944	39	035	107701
3738	39	035	107802
1551	39	035	108201
1450	39	035	108301
1232	39	035	108400
4067	39	035	108701
1410	39	035	109301
2282	39	035	109701
1781	39	035	109801
710	39	035	110501
1238	39	035	110801
3079	39	035	110901
1340	39	035	111202
1262	39	035	111401
975	39	035	111500
1284	39	035	111600
990	39	035	111700
774	39	035	111800
752	39	035	111902
1687	39	035	112100
1178	39	035	112200
1423	39	035	112301
1042	39	035	112400
1437	39	035	112500
1083	39	035	112600
1132	39	035	112800
821	39	035	113101
1276	39	035	113500
993	39	035	113600
1760	39	035	113801
1172	39	035	114100
1563	39	035	114300
1224	39	035	114501
1252	39	035	114600
458	39	035	114700
1923	39	035	114900
1176	39	035	115100
910	39	035	115200
932	39	035	115300
1571	39	035	115400
1607	39	035	115700
3380	39	035	115800
3786	39	035	115900
1042	39	035	116100
1018	39	035	116200
1937	39	035	116300
3238	39	035	116400
2024	39	035	116500
2577	39	035	116600
1657	39	035	116700
2678	39	035	116800
1299	39	035	116900
2795	39	035	117101
1213	39	035	117102
3200	39	035	117201
1861	39	035	117202
2514	39	035	117300
1531	39	035	117400
2847	39	035	117500
3105	39	035	117600
4795	39	035	117700
2214	39	035	117800
2412	39	035	117900
2017	39	035	118101
1961	39	035	118200
2619	39	035	118301
1683	39	035	118400
892	39	035	118500
2261	39	035	118602
3670	39	035	118700
2740	39	035	118800
1561	39	035	118900
142	39	035	119100
1122	39	035	119202
3793	39	035	119300
1870	39	035	119401
1774	39	035	119402
2769	39	035	119501
1983	39	035	119502
2331	39	035	119600
1432	39	035	119701
2025	39	035	119702
3737	39	035	119800
1739	39	035	119900
2465	39	035	120200
2396	39	035	120400
2725	39	035	120500
2602	39	035	120600
1498	39	035	120701
1627	39	035	120702
1964	39	035	120801
1916	39	035	120802
2249	39	035	121100
1665	39	035	121200
2331	39	035	121300
2004	39	035	121401
2639	39	035	121403
3298	39	035	121500
3659	39	035	121700
1889	39	035	121800
1296	39	035	121900
3310	39	035	122100
1660	39	035	122200
2067	39	035	122300
2575	39	035	123100
3225	39	035	123200
3745	39	035	123400
3224	39	035	123501
2888	39	035	123502
3017	39	035	123601
2972	39	035	123602
3299	39	035	123603
2440	39	035	123700
2241	39	035	123800
2678	39	035	123900
4920	39	035	124100
2853	39	035	124201
1654	39	035	124202
4647	39	035	124300
3776	39	035	124500
3940	39	035	124600
2859	39	035	126100
3306	39	035	127501
4492	39	035	130103
4240	39	035	130104
3355	39	035	130105
3421	39	035	130106
3410	39	035	131102
4084	39	035	131103
4361	39	035	131104
4652	39	035	132100
2842	39	035	132200
3468	39	035	132301
1965	39	035	132302
3257	39	035	133103
2619	39	035	133104
1449	39	035	134100
3345	39	035	134203
4324	39	035	134204
2910	39	035	134205
3021	39	035	134206
3995	39	035	134300
2254	39	035	135103
4021	39	035	135104
6003	39	035	135105
1265	39	035	135106
5779	39	035	136101
7690	39	035	136102
5840	39	035	136103
2512	39	035	137101
4414	39	035	137102
4121	39	035	137103
1310	39	035	138105
3464	39	035	138106
2121	39	035	138107
4093	39	035	138108
4102	39	035	138109
3937	39	035	138110
1500	39	035	140100
2305	39	035	140301
2540	39	035	140302
3012	39	035	140400
3511	39	035	140500
986	39	035	140600
2230	39	035	140701
1664	39	035	140702
3831	39	035	140800
2044	39	035	140900
1151	39	035	141000
4267	39	035	141100
3122	39	035	141200
2932	39	035	141300
2677	39	035	141400
1747	39	035	141500
1658	39	035	141601
1411	39	035	141602
1479	39	035	141700
2302	39	035	150100
1856	39	035	150300
1349	39	035	150400
1358	39	035	151100
1391	39	035	151200
2016	39	035	151300
1576	39	035	151400
1376	39	035	151500
1338	39	035	151600
1251	39	035	151700
1806	39	035	151800
2260	39	035	152101
4189	39	035	152102
3185	39	035	152201
3691	39	035	152202
2678	39	035	152301
4752	39	035	152302
3923	39	035	152303
1907	39	035	152400
3530	39	035	152501
2629	39	035	152502
1008	39	035	152603
4396	39	035	152604
2181	39	035	152701
2301	39	035	152702
1806	39	035	152703
2623	39	035	153103
3058	39	035	153104
3846	39	035	153105
3549	39	035	153106
3549	39	035	153107
2006	39	035	154100
1492	39	035	154200
1035	39	035	154300
2889	39	035	154400
3629	39	035	154501
2929	39	035	154502
4959	39	035	154601
3240	39	035	154603
3655	39	035	154604
2658	39	035	154700
5239	39	035	155101
3085	39	035	155102
1299	39	035	156101
5837	39	035	156102
1967	39	035	160100
2149	39	035	160200
1971	39	035	160300
3190	39	035	160400
3519	39	035	160500
5072	39	035	160601
3031	39	035	160602
1785	39	035	160700
983	39	035	160800
3752	39	035	160900
1839	39	035	161000
3715	39	035	161100
2906	39	035	161200
2866	39	035	161300
3317	39	035	161400
3865	39	035	161500
2179	39	035	161600
2180	39	035	161700
1148	39	035	161800
2737	39	035	170101
5284	39	035	170102
2032	39	035	170201
3803	39	035	170202
4801	39	035	171102
3903	39	035	171103
4641	39	035	171104
2642	39	035	171203
1825	39	035	171204
2691	39	035	171205
2377	39	035	171206
2536	39	035	172101
3669	39	035	172102
5014	39	035	172103
3937	39	035	172201
3817	39	035	172202
2874	39	035	173103
4130	39	035	173104
2503	39	035	173105
3784	39	035	173106
2532	39	035	173107
2959	39	035	174103
2280	39	035	174104
2955	39	035	174105
2915	39	035	174106
4006	39	035	174107
3215	39	035	174203
3867	39	035	174204
4817	39	035	174205
2002	39	035	174206
3358	39	035	174207
6825	39	035	175103
6346	39	035	175104
4865	39	035	175105
3040	39	035	175106
6168	39	035	175201
3109	39	035	175202
2043	39	035	176100
5741	39	035	176200
3943	39	035	177101
3907	39	035	177103
3566	39	035	177104
3915	39	035	177201
3667	39	035	177202
2356	39	035	177302
4816	39	035	177303
3408	39	035	177304
3225	39	035	177403
2877	39	035	177404
4385	39	035	177405
4181	39	035	177406
4107	39	035	177501
3770	39	035	177503
3999	39	035	177504
4342	39	035	177505
2069	39	035	177604
2896	39	035	177605
3561	39	035	177606
4233	39	035	177607
5335	39	035	177608
2141	39	035	177609
2793	39	035	178101
4995	39	035	178102
3453	39	035	178201
4434	39	035	178204
2061	39	035	178205
2754	39	035	178206
3279	39	035	179101
2800	39	035	179102
3863	39	035	180102
3563	39	035	180103
3082	39	035	180104
6112	39	035	181100
5854	39	035	181201
3124	39	035	181203
5055	39	035	181204
2613	39	035	182103
2526	39	035	182104
3466	39	035	182105
3130	39	035	182106
2956	39	035	183100
2406	39	035	183200
4374	39	035	183300
2154	39	035	183401
1245	39	035	183402
3291	39	035	183501
3669	39	035	183502
1351	39	035	183603
2194	39	035	183604
2816	39	035	183605
1615	39	035	183606
3910	39	035	184103
1811	39	035	184104
4761	39	035	184105
2342	39	035	184106
7324	39	035	184108
2546	39	035	185101
2804	39	035	185102
2199	39	035	185103
3871	39	035	185104
1746	39	035	185201
5190	39	035	185202
3696	39	035	185203
4276	39	035	186103
2669	39	035	186104
3470	39	035	186105
5108	39	035	186106
5722	39	035	186107
5754	39	035	186201
4752	39	035	186202
3697	39	035	186203
5034	39	035	186205
4167	39	035	186206
2993	39	035	187103
3275	39	035	187104
3123	39	035	187105
4013	39	035	187106
3532	39	035	188103
1688	39	035	188104
3360	39	035	188105
2338	39	035	188106
2424	39	035	188107
4150	39	035	189105
4795	39	035	189107
5218	39	035	189108
3243	39	035	189109
4377	39	035	189110
6841	39	035	189111
3889	39	035	189112
2242	39	035	190502
1736	39	035	190503
10544	39	035	190504
1518	39	035	192300
1169	39	035	192800
1975	39	035	192900
954	39	035	193800
1044	39	035	193900
2272	39	035	194100
3432	39	035	194300
2250	39	035	194500
1004	39	035	194800
3292	39	035	194900
4804	39	035	195600
4763	39	035	195700
3911	39	035	195800
4186	39	035	195900
1590	39	035	196000
2577	39	035	196100
3877	39	035	196200
3922	39	035	196300
2672	39	035	196400
1544	39	035	196500
0	39	035	980100
0	39	035	980500
0	39	035	981100
0	39	035	990000
4029	39	037	500100
3898	39	037	510100
3194	39	037	520100
4455	39	037	530100
3409	39	037	540100
3519	39	037	550100
5953	39	037	555000
3836	39	037	555101
4097	39	037	555102
7361	39	037	560100
3001	39	037	570101
5785	39	037	570102
4408	39	039	958100
5043	39	039	958200
4007	39	039	958300
4220	39	039	958400
4355	39	039	958500
3798	39	039	958600
4490	39	039	958700
3197	39	039	958800
5277	39	039	958900
5604	39	041	010100
5595	39	041	010200
2919	39	041	010420
2459	39	041	010421
5959	39	041	010422
5357	39	041	010520
3125	39	041	010530
3027	39	041	011101
5282	39	041	011102
3112	39	041	011200
2916	39	041	011411
4676	39	041	011412
7091	39	041	011413
6602	39	041	011421
6953	39	041	011423
2710	39	041	011430
3662	39	041	011520
3735	39	041	011530
5685	39	041	011540
8920	39	041	011550
8339	39	041	011560
4649	39	041	011561
5646	39	041	011604
6121	39	041	011710
6755	39	041	011730
5752	39	041	011740
6761	39	041	011750
4526	39	041	011760
5399	39	041	011762
5213	39	041	011900
5247	39	041	012000
7184	39	041	012100
4844	39	041	012200
4379	39	041	012300
5617	39	041	012400
5830	39	043	040100
3763	39	043	040200
6190	39	043	040300
5359	39	043	040400
5070	39	043	040500
895	39	043	040600
3959	39	043	040700
4170	39	043	040800
3389	39	043	040900
3321	39	043	041000
3746	39	043	041100
2475	39	043	041200
3763	39	043	041300
2644	39	043	041400
3462	39	043	041500
5782	39	043	041600
6356	39	043	041700
6242	39	043	041800
0	39	043	990100
3818	39	045	030100
3069	39	045	030200
3355	39	045	030300
4615	39	045	030400
9684	39	045	030600
3263	39	045	030700
5358	39	045	030800
8018	39	045	030900
5544	39	045	031000
6064	39	045	031100
4949	39	045	031200
3159	39	045	031300
6797	39	045	031400
2753	39	045	031500
6236	39	045	031600
4312	39	045	031700
2969	39	045	032000
3629	39	045	032100
3816	39	045	032200
4210	39	045	032300
6203	39	045	032500
6793	39	045	032600
4228	39	045	032701
7738	39	045	032702
4121	39	045	032800
10242	39	045	032900
4220	39	045	033000
8904	39	045	033100
4035	39	047	925800
3783	39	047	925900
3760	39	047	926000
4908	39	047	926100
4816	39	047	926200
3415	39	047	926300
4158	39	047	926400
3627	39	049	000110
3128	39	049	000120
3289	39	049	000210
3913	39	049	000220
3053	39	049	000310
2398	39	049	000320
2334	39	049	000330
2472	39	049	000410
3238	39	049	000420
4611	39	049	000500
3990	39	049	000600
3529	39	049	000710
2354	39	049	000720
3351	39	049	000730
2721	39	049	000810
2700	39	049	000820
3734	39	049	000910
1710	39	049	000920
4829	39	049	001000
3034	39	049	001110
8826	39	049	001121
3135	39	049	001122
4127	39	049	001200
5289	39	049	001300
1843	39	049	001400
1964	39	049	001500
1260	39	049	001600
1979	39	049	001700
3595	39	049	001810
2663	39	049	001820
2211	39	049	001901
3421	39	049	001902
3412	39	049	002000
1609	39	049	002100
1874	39	049	002200
1330	39	049	002300
3192	39	049	002510
2593	39	049	002520
3906	39	049	002600
1875	39	049	002710
2208	39	049	002730
2403	39	049	002740
2373	39	049	002750
3420	39	049	002760
2042	39	049	002770
2359	39	049	002780
2182	39	049	002800
2527	39	049	002900
3310	39	049	003000
2464	39	049	003200
1436	39	049	003600
3113	39	049	003700
2115	39	049	003800
2957	39	049	004000
692	39	049	004200
5090	39	049	004300
4624	39	049	004500
2960	39	049	004610
2352	39	049	004620
4702	39	049	004700
3321	39	049	004810
2351	39	049	004820
5030	39	049	004900
4569	39	049	005000
1853	39	049	005100
2805	39	049	005200
2969	39	049	005300
1437	39	049	005410
2305	39	049	005420
4809	39	049	005500
1833	39	049	005610
2611	39	049	005620
3292	39	049	005700
2579	39	049	005810
2024	39	049	005820
2219	39	049	005900
1898	39	049	006000
2870	39	049	006100
7310	39	049	006220
15646	39	049	006230
6158	39	049	006236
4570	39	049	006310
4632	39	049	006321
3490	39	049	006323
4825	39	049	006330
2971	39	049	006340
3921	39	049	006351
2983	39	049	006352
4125	39	049	006353
7059	39	049	006371
6941	39	049	006372
9427	39	049	006383
6696	39	049	006384
4065	39	049	006386
6035	39	049	006387
4827	39	049	006391
4363	39	049	006392
5896	39	049	006393
2789	39	049	006394
3328	39	049	006395
4920	39	049	006396
2817	39	049	006410
4649	39	049	006430
3612	39	049	006500
3859	39	049	006600
2850	39	049	006710
3398	39	049	006721
3081	39	049	006722
2109	39	049	006810
3659	39	049	006821
1967	39	049	006822
1575	39	049	006910
4004	39	049	006921
3164	39	049	006923
3493	39	049	006924
6637	39	049	006931
6281	39	049	006932
5272	39	049	006933
1299	39	049	006942
4500	39	049	006943
4079	39	049	006944
5901	39	049	006945
2620	39	049	006950
6487	39	049	006990
3846	39	049	007010
6201	39	049	007020
2066	39	049	007041
4648	39	049	007043
6271	39	049	007044
3873	39	049	007047
6108	39	049	007048
6540	39	049	007112
4356	39	049	007113
4645	39	049	007114
5063	39	049	007115
5180	39	049	007120
7898	39	049	007132
6243	39	049	007193
6607	39	049	007194
2948	39	049	007198
5682	39	049	007199
514	39	049	007201
3367	39	049	007202
3949	39	049	007203
4127	39	049	007205
4368	39	049	007207
6476	39	049	007209
8603	39	049	007210
8935	39	049	007393
2520	39	049	007394
13274	39	049	007395
10253	39	049	007396
5621	39	049	007424
2822	39	049	007425
2815	39	049	007426
6089	39	049	007427
6064	39	049	007492
4119	39	049	007494
1659	39	049	007511
3831	39	049	007512
3244	39	049	007520
2764	39	049	007531
2273	39	049	007532
1833	39	049	007533
3262	39	049	007534
3180	39	049	007550
8994	39	049	007551
4227	39	049	007710
5163	39	049	007721
3023	39	049	007722
3101	39	049	007730
1839	39	049	007740
3552	39	049	007811
4453	39	049	007812
3604	39	049	007820
2333	39	049	007830
9088	39	049	007921
4536	39	049	007922
4507	39	049	007931
8395	39	049	007933
2684	39	049	007941
9793	39	049	007951
7316	39	049	007952
6694	39	049	007953
8172	39	049	007954
5437	39	049	008000
3823	39	049	008110
3660	39	049	008120
7472	39	049	008132
8662	39	049	008141
6721	39	049	008142
7555	39	049	008161
8670	39	049	008162
3831	39	049	008163
4024	39	049	008164
2100	39	049	008210
1628	39	049	008230
2111	39	049	008241
5855	39	049	008242
5075	39	049	008311
4532	39	049	008312
2664	39	049	008321
4095	39	049	008322
1432	39	049	008330
6023	39	049	008340
7325	39	049	008350
6345	39	049	008360
7387	39	049	008370
5385	39	049	008380
3008	39	049	008400
4624	39	049	008500
2896	39	049	008710
3158	39	049	008720
2049	39	049	008730
1909	39	049	008811
2992	39	049	008812
2583	39	049	008813
2809	39	049	008821
4530	39	049	008822
7102	39	049	008825
5359	39	049	008900
3114	39	049	009000
4813	39	049	009100
4621	39	049	009210
1939	39	049	009220
4994	39	049	009230
1958	39	049	009240
1900	39	049	009250
2996	39	049	009311
3086	39	049	009312
2334	39	049	009321
3883	39	049	009322
3484	39	049	009323
3848	39	049	009325
1567	39	049	009326
943	39	049	009331
3105	39	049	009332
2550	39	049	009333
3070	39	049	009334
2932	39	049	009336
3985	39	049	009337
3061	39	049	009340
2590	39	049	009350
5489	39	049	009361
6894	39	049	009362
5470	39	049	009371
4012	39	049	009372
6327	39	049	009373
8221	39	049	009374
5915	39	049	009381
2801	39	049	009382
2345	39	049	009383
2301	39	049	009384
3455	39	049	009385
3173	39	049	009386
5750	39	049	009390
2883	39	049	009410
5646	39	049	009420
8009	39	049	009430
4637	39	049	009440
9380	39	049	009450
4680	39	049	009495
1639	39	049	009497
4279	39	049	009520
5194	39	049	009590
4082	39	049	009600
4509	39	049	009711
2660	39	049	009712
6562	39	049	009720
14214	39	049	009740
5619	39	049	009751
6077	39	049	009752
6877	39	049	009800
1585	39	049	009900
5263	39	049	010000
1047	39	049	010100
17283	39	049	010200
2981	39	049	010300
7638	39	049	010400
8076	39	049	010500
4947	39	049	010601
6493	39	049	010602
1451	39	049	010700
0	39	049	980000
3224	39	051	040100
4678	39	051	040200
4582	39	051	040300
3903	39	051	040400
5086	39	051	040500
4339	39	051	040600
7451	39	051	040700
4766	39	051	040800
4512	39	051	040900
4772	39	053	953500
4212	39	053	953600
4460	39	053	953700
3968	39	053	953800
7305	39	053	953900
3622	39	053	954000
2424	39	053	954100
2235	39	055	310100
2017	39	055	310200
6286	39	055	310600
4023	39	055	310700
6648	39	055	310800
3215	39	055	310900
3662	39	055	311000
4438	39	055	311300
5574	39	055	311400
5340	39	055	311500
3840	39	055	311600
4240	39	055	311700
7216	39	055	311800
6485	39	055	311900
2801	39	055	312000
4164	39	055	312100
5534	39	055	312201
4235	39	055	312202
4670	39	055	312203
4593	39	055	312300
2603	39	055	312400
2561	39	057	200101
3771	39	057	200103
6498	39	057	200104
3608	39	057	200300
2051	39	057	200400
5678	39	057	200500
3307	39	057	200600
4214	39	057	200700
5878	39	057	200900
5316	39	057	210100
8199	39	057	210200
3497	39	057	210300
4997	39	057	210401
5210	39	057	210402
5485	39	057	210500
8807	39	057	210601
5403	39	057	210602
6047	39	057	210603
8058	39	057	220100
7502	39	057	220200
2640	39	057	230100
3307	39	057	240100
4555	39	057	240200
8985	39	057	240301
3330	39	057	240302
4504	39	057	240500
5317	39	057	240600
2297	39	057	240700
3454	39	057	255000
6505	39	057	260100
3765	39	057	270100
2592	39	057	280101
2130	39	057	280102
1389	39	057	280200
2456	39	057	280300
4552	39	059	977100
5100	39	059	977200
3344	39	059	977300
3987	39	059	977400
3373	39	059	977500
3045	39	059	977600
3681	39	059	977700
3671	39	059	977800
4556	39	059	977900
4485	39	059	978000
927	39	061	000200
2038	39	061	000700
1238	39	061	000900
1452	39	061	001000
1042	39	061	001100
965	39	061	001600
913	39	061	001700
1632	39	061	001800
1609	39	061	001900
1602	39	061	002000
2291	39	061	002200
1228	39	061	002300
2369	39	061	002500
4036	39	061	002600
1865	39	061	002700
1687	39	061	002800
5294	39	061	002900
4554	39	061	003000
1515	39	061	003200
1667	39	061	003300
1200	39	061	003600
1715	39	061	003700
2155	39	061	003800
1835	39	061	003900
2307	39	061	004000
1578	39	061	004100
1847	39	061	004200
1064	39	061	004500
4717	39	061	004602
3045	39	061	004603
3464	39	061	004604
2437	39	061	004605
2964	39	061	004701
829	39	061	004702
3327	39	061	004800
6892	39	061	004900
4944	39	061	005000
2485	39	061	005100
3450	39	061	005200
2718	39	061	005301
3096	39	061	005302
931	39	061	005400
3930	39	061	005500
5772	39	061	005600
3067	39	061	005701
4542	39	061	005702
5211	39	061	005800
1230	39	061	005900
6000	39	061	006000
2774	39	061	006100
3681	39	061	006300
3141	39	061	006400
5778	39	061	006500
2473	39	061	006600
3789	39	061	006800
2483	39	061	006900
2653	39	061	007000
3568	39	061	007100
2123	39	061	007200
1996	39	061	007300
1546	39	061	007400
1820	39	061	007500
2734	39	061	007700
2218	39	061	007800
1704	39	061	007900
4901	39	061	008000
2672	39	061	008100
3975	39	061	008201
3432	39	061	008202
4480	39	061	008300
2066	39	061	008400
3350	39	061	008501
1646	39	061	008502
2545	39	061	008601
3495	39	061	008800
3877	39	061	009200
2675	39	061	009300
1785	39	061	009400
2479	39	061	009500
3982	39	061	009600
6160	39	061	009700
2308	39	061	009800
4161	39	061	009901
3438	39	061	009902
5613	39	061	010002
4446	39	061	010003
5180	39	061	010004
1772	39	061	010005
5128	39	061	010100
5391	39	061	010201
2496	39	061	010202
1831	39	061	010300
1099	39	061	010400
1414	39	061	010500
1435	39	061	010600
1717	39	061	010700
799	39	061	010800
2570	39	061	010900
2913	39	061	011000
3290	39	061	011100
5180	39	061	020401
5536	39	061	020403
5126	39	061	020404
2321	39	061	020501
4957	39	061	020502
3545	39	061	020504
4525	39	061	020505
6080	39	061	020601
7414	39	061	020602
7015	39	061	020701
3247	39	061	020705
4875	39	061	020707
3344	39	061	020741
4247	39	061	020742
6640	39	061	020761
3092	39	061	020762
5716	39	061	020802
6491	39	061	020811
4221	39	061	020812
3550	39	061	020901
5436	39	061	020902
2868	39	061	021001
3687	39	061	021002
3208	39	061	021003
4978	39	061	021101
6510	39	061	021102
1999	39	061	021201
5522	39	061	021202
5626	39	061	021302
4826	39	061	021303
5052	39	061	021304
5152	39	061	021401
4370	39	061	021421
2898	39	061	021422
4517	39	061	021501
5958	39	061	021504
2801	39	061	021505
3447	39	061	021506
5342	39	061	021508
7008	39	061	021509
3775	39	061	021571
5952	39	061	021572
3081	39	061	021602
3614	39	061	021603
3665	39	061	021604
2838	39	061	021701
4491	39	061	021702
6253	39	061	021801
3196	39	061	021802
1406	39	061	021900
3818	39	061	022000
3912	39	061	022101
6476	39	061	022102
4431	39	061	022200
6356	39	061	022301
5430	39	061	022302
2219	39	061	022400
4049	39	061	022500
5774	39	061	022601
2624	39	061	022602
3348	39	061	022700
4499	39	061	023001
5220	39	061	023002
2768	39	061	023100
2930	39	061	023201
5507	39	061	023210
2925	39	061	023222
3882	39	061	023300
3601	39	061	023400
4303	39	061	023501
2297	39	061	023521
6241	39	061	023522
4146	39	061	023600
2795	39	061	023701
2870	39	061	023702
5200	39	061	023800
4804	39	061	023901
4957	39	061	023902
5071	39	061	024001
2615	39	061	024002
6679	39	061	024100
2604	39	061	024200
3869	39	061	024301
6607	39	061	024303
7633	39	061	024321
8163	39	061	024322
7271	39	061	024400
1666	39	061	024700
3351	39	061	024800
1200	39	061	024901
7834	39	061	024902
6155	39	061	025001
6960	39	061	025002
4919	39	061	025101
7719	39	061	025102
6716	39	061	025103
2061	39	061	025104
3962	39	061	025200
2942	39	061	025300
1698	39	061	025401
2850	39	061	025402
4434	39	061	025500
3284	39	061	025600
1887	39	061	025700
4358	39	061	025800
4909	39	061	026001
4662	39	061	026002
7727	39	061	026101
3256	39	061	026102
1821	39	061	026200
1208	39	061	026300
2338	39	061	026400
2279	39	061	026500
1465	39	061	026600
1235	39	061	026700
1555	39	061	026800
1749	39	061	026900
3551	39	061	027000
4012	39	061	027100
2302	39	061	027200
2608	39	061	027300
4429	39	061	027400
4056	39	063	000100
5867	39	063	000200
8797	39	063	000300
7504	39	063	000400
5182	39	063	000500
7026	39	063	000600
5713	39	063	000700
3761	39	063	000800
5880	39	063	000900
6321	39	063	001000
4091	39	063	001100
5813	39	063	001200
5279	39	063	001300
3496	39	065	000100
4764	39	065	000200
3902	39	065	000300
6712	39	065	000400
4151	39	065	000500
3790	39	065	000600
5011	39	065	000700
4211	39	067	975600
3601	39	067	975700
2176	39	067	975800
2182	39	067	975900
3528	39	067	976000
4843	39	069	000100
3657	39	069	000200
5162	39	069	000300
3385	39	069	000400
3299	39	069	000500
3543	39	069	000600
4185	39	069	000700
3911	39	071	954400
4220	39	071	954500
5359	39	071	954600
6214	39	071	954700
4353	39	071	954800
3842	39	071	954900
4241	39	071	955000
5986	39	071	955100
5140	39	071	955200
4487	39	073	964900
3164	39	073	965000
4866	39	073	965100
4691	39	073	965200
3613	39	073	965300
4202	39	073	965400
4088	39	073	965500
4734	39	075	976301
6151	39	075	976302
9283	39	075	976400
5342	39	075	976500
4233	39	075	976600
3906	39	075	976700
4778	39	075	976801
4749	39	075	976802
5043	39	077	915400
5802	39	077	915500
4958	39	077	915600
4178	39	077	915700
4970	39	077	915800
4102	39	077	915900
3974	39	077	916000
3653	39	077	916100
5265	39	077	916200
3374	39	077	916300
4929	39	077	916400
4912	39	077	916500
4026	39	077	916600
5140	39	079	957200
3477	39	079	957300
5495	39	079	957400
5357	39	079	957500
2930	39	079	957600
5320	39	079	957700
5233	39	079	957800
2985	39	081	000200
3390	39	081	000400
2266	39	081	000600
750	39	081	000800
2670	39	081	001000
5008	39	081	001200
1276	39	081	001300
3752	39	081	001400
1866	39	081	001700
1600	39	081	011000
3271	39	081	011100
2011	39	081	011200
2633	39	081	011300
4384	39	081	011401
4014	39	081	011402
4973	39	081	011500
4381	39	081	011700
3408	39	081	011800
3623	39	081	011900
3029	39	081	012000
2939	39	081	012100
1938	39	081	012200
2343	39	081	012300
5126	39	083	006700
5644	39	083	006801
4266	39	083	006802
6552	39	083	006900
2875	39	083	007000
4138	39	083	007100
4843	39	083	007200
6343	39	083	007300
5695	39	083	007400
4594	39	083	007500
4744	39	083	007600
6243	39	083	007700
1794	39	085	200100
2574	39	085	200200
3133	39	085	200300
3330	39	085	200400
3253	39	085	200500
3504	39	085	200600
3904	39	085	200700
3601	39	085	200800
1662	39	085	200900
4900	39	085	201000
4546	39	085	201100
3616	39	085	201200
3765	39	085	201300
3706	39	085	201400
1842	39	085	201500
3802	39	085	201600
5630	39	085	201700
3508	39	085	201800
2907	39	085	201900
6172	39	085	202000
2222	39	085	202100
3075	39	085	202400
4355	39	085	202500
3848	39	085	202600
6083	39	085	202700
6181	39	085	202800
6744	39	085	202900
6579	39	085	203000
3483	39	085	203200
4232	39	085	203400
6922	39	085	203500
3420	39	085	203700
3110	39	085	204000
4366	39	085	204200
1862	39	085	204301
6593	39	085	204302
3240	39	085	204400
3549	39	085	204500
4525	39	085	204700
4907	39	085	204800
6204	39	085	204900
5987	39	085	205001
5812	39	085	205002
6397	39	085	205100
3091	39	085	205200
2528	39	085	205300
1615	39	085	205400
4695	39	085	205701
3141	39	085	205702
1262	39	085	205800
956	39	085	205900
5591	39	085	206000
3173	39	085	206100
1696	39	085	206200
4844	39	085	206300
4549	39	085	206400
2936	39	085	206500
4680	39	085	206600
0	39	085	990000
2375	39	087	050100
2395	39	087	050200
2447	39	087	050300
3289	39	087	050400
6651	39	087	050500
1455	39	087	050600
3605	39	087	050700
3737	39	087	050800
2300	39	087	050900
4291	39	087	051001
4892	39	087	051002
6771	39	087	051100
5280	39	087	051200
3771	39	087	051300
5172	39	087	051401
3669	39	087	051402
3575	39	089	750700
2373	39	089	751000
3831	39	089	751300
3381	39	089	751600
4220	39	089	751900
4471	39	089	752200
3884	39	089	752500
7096	39	089	752800
5166	39	089	753100
7549	39	089	753300
1934	39	089	753600
4752	39	089	753900
7405	39	089	754101
2253	39	089	754102
6223	39	089	754400
6517	39	089	754700
6455	39	089	755000
7237	39	089	755300
5244	39	089	755600
6945	39	089	755900
2252	39	089	756201
8127	39	089	756202
4411	39	089	756500
7938	39	089	756800
4030	39	089	757100
6162	39	089	757400
7461	39	089	757700
2776	39	089	758300
7682	39	089	758600
6094	39	089	758900
3249	39	089	759000
7218	39	089	759100
3933	39	091	003800
4615	39	091	003900
2534	39	091	004000
2862	39	091	004100
1516	39	091	004200
6626	39	091	004300
4751	39	091	004400
4580	39	091	004500
4895	39	091	004600
5218	39	091	004700
4034	39	091	004800
4148	39	093	010200
5214	39	093	010300
2810	39	093	010400
10389	39	093	013100
11394	39	093	013200
3316	39	093	021100
5774	39	093	021200
1777	39	093	022100
2576	39	093	022200
3887	39	093	022400
1564	39	093	022500
2764	39	093	022601
4303	39	093	022800
5331	39	093	023000
3648	39	093	023100
2858	39	093	023200
2714	39	093	023300
2011	39	093	023400
2222	39	093	023500
2844	39	093	023600
5773	39	093	023700
1679	39	093	023800
1728	39	093	023900
1749	39	093	024000
3029	39	093	024100
4335	39	093	024200
4004	39	093	028100
6466	39	093	030100
3326	39	093	050100
3681	39	093	050200
7462	39	093	050300
2475	39	093	050400
3868	39	093	057100
3936	39	093	060100
5221	39	093	060200
3464	39	093	070101
5790	39	093	070102
2001	39	093	070200
3135	39	093	070300
4870	39	093	070400
2903	39	093	070500
4357	39	093	070600
2595	39	093	070700
861	39	093	070800
1836	39	093	070901
3475	39	093	070902
1721	39	093	071000
4494	39	093	071100
4782	39	093	071201
4384	39	093	071202
4889	39	093	071300
3383	39	093	071400
2055	39	093	071500
3489	39	093	077100
2216	39	093	080101
4494	39	093	080103
3516	39	093	080104
6055	39	093	080500
5657	39	093	080600
8742	39	093	080700
3414	39	093	090100
3655	39	093	090200
2841	39	093	091100
3567	39	093	091200
2527	39	093	092100
3133	39	093	093100
7841	39	093	094100
8964	39	093	095100
6227	39	093	096100
3260	39	093	097100
7883	39	093	097200
3004	39	093	097300
10709	39	093	097400
0	39	093	990200
4609	39	095	000200
4321	39	095	000300
3349	39	095	000400
5107	39	095	000600
5453	39	095	000700
1295	39	095	000800
2692	39	095	000900
3614	39	095	001000
2505	39	095	001100
2370	39	095	001201
2957	39	095	001202
2617	39	095	001301
1951	39	095	001302
2803	39	095	001303
1472	39	095	001400
1549	39	095	001500
2957	39	095	001600
1483	39	095	001700
2542	39	095	001800
1639	39	095	001900
1801	39	095	002000
2873	39	095	002100
1462	39	095	002200
1692	39	095	002300
3511	39	095	002401
1706	39	095	002402
2079	39	095	002500
1084	39	095	002600
933	39	095	002700
1423	39	095	002800
1527	39	095	002900
1869	39	095	003000
833	39	095	003100
1390	39	095	003200
1833	39	095	003300
817	39	095	003400
1557	39	095	003500
1203	39	095	003600
1221	39	095	003700
5175	39	095	003900
1905	39	095	004000
1600	39	095	004200
4240	39	095	004400
2718	39	095	004501
2538	39	095	004503
3492	39	095	004504
2613	39	095	004600
2767	39	095	004701
4225	39	095	004702
2897	39	095	004800
2689	39	095	004900
2119	39	095	005000
4330	39	095	005100
3657	39	095	005200
2237	39	095	005300
3239	39	095	005400
2803	39	095	005501
3268	39	095	005502
2312	39	095	005503
5638	39	095	005600
3928	39	095	005701
4926	39	095	005702
2633	39	095	005703
3890	39	095	005801
4777	39	095	005802
2622	39	095	005901
4064	39	095	005902
2387	39	095	006000
3219	39	095	006100
2777	39	095	006200
3045	39	095	006300
2249	39	095	006400
2479	39	095	006500
2530	39	095	006600
1640	39	095	006700
4481	39	095	006800
2650	39	095	006900
4061	39	095	007001
1986	39	095	007002
4438	39	095	007101
3648	39	095	007102
3461	39	095	007202
4414	39	095	007203
4624	39	095	007204
5558	39	095	007205
5011	39	095	007301
3285	39	095	007302
4869	39	095	007303
5880	39	095	007400
4209	39	095	007500
4556	39	095	007600
3497	39	095	007700
3769	39	095	007800
2113	39	095	007901
5678	39	095	007902
4175	39	095	008000
4241	39	095	008100
4590	39	095	008201
5926	39	095	008202
7320	39	095	008203
5525	39	095	008301
1662	39	095	008302
4630	39	095	008400
3985	39	095	008500
5561	39	095	008600
8414	39	095	008700
7657	39	095	008800
5351	39	095	008901
6093	39	095	008902
12378	39	095	009000
3936	39	095	009101
5070	39	095	009102
8513	39	095	009201
7310	39	095	009202
1631	39	095	009300
2513	39	095	009400
2997	39	095	009500
3347	39	095	009600
3093	39	095	009700
4202	39	095	009800
4651	39	095	009900
4101	39	095	010001
3430	39	095	010002
4043	39	095	010100
2645	39	095	010200
2213	39	095	010300
3049	39	095	010400
0	39	095	990000
2239	39	097	040101
5137	39	097	040102
2341	39	097	040201
2660	39	097	040202
2721	39	097	040400
4428	39	097	040500
6237	39	097	040600
3056	39	097	040700
4568	39	097	041000
4772	39	097	041100
3048	39	097	041200
2119	39	097	041300
1297	39	099	800300
1056	39	099	800400
4546	39	099	800500
1228	39	099	800600
1461	39	099	801000
2529	39	099	801100
1742	39	099	801200
2375	39	099	801300
2177	39	099	801400
2027	39	099	801500
3151	39	099	801600
931	39	099	801700
926	39	099	802100
925	39	099	802300
2381	39	099	802400
1553	39	099	802500
2010	39	099	802600
2998	39	099	802701
2960	39	099	802702
2553	39	099	802800
2607	39	099	802900
2099	39	099	803000
2208	39	099	804000
1335	39	099	804100
2564	39	099	804200
988	39	099	804300
3975	39	099	810100
2382	39	099	810200
1770	39	099	810300
2986	39	099	810600
5454	39	099	810700
2134	39	099	810800
2167	39	099	810900
3954	39	099	811001
7630	39	099	811002
1132	39	099	811100
2413	39	099	811200
6667	39	099	811300
3360	39	099	811400
5554	39	099	811500
3557	39	099	811600
2569	39	099	811700
1357	39	099	811800
4232	39	099	811901
3585	39	099	811902
5447	39	099	812001
4099	39	099	812002
9473	39	099	812100
6514	39	099	812200
4132	39	099	812301
6281	39	099	812302
3073	39	099	812400
5273	39	099	812500
4058	39	099	812601
5059	39	099	812602
8449	39	099	812603
2069	39	099	812700
3677	39	099	812800
4232	39	099	812900
4476	39	099	813000
4315	39	099	813200
3183	39	099	813300
3534	39	099	813400
7317	39	099	813500
8257	39	099	813600
2748	39	099	813700
2987	39	099	813800
1953	39	099	813900
3102	39	099	814000
2596	39	099	814100
1254	39	101	000100
3177	39	101	000200
2185	39	101	000300
3877	39	101	000400
2451	39	101	000501
2528	39	101	000502
5072	39	101	000600
2655	39	101	000700
2309	39	101	000800
3967	39	101	000900
3078	39	101	001000
2361	39	101	001100
5087	39	101	010100
5146	39	101	010201
5930	39	101	010202
4786	39	101	010300
4686	39	101	010400
5622	39	101	010500
7779	39	103	400100
5214	39	103	402000
3300	39	103	403001
3187	39	103	403002
4080	39	103	404000
4525	39	103	405000
5327	39	103	406000
6761	39	103	407000
2861	39	103	408001
1803	39	103	408002
2888	39	103	408003
6818	39	103	408100
4364	39	103	408201
5379	39	103	408202
3636	39	103	408301
10194	39	103	408302
2158	39	103	409001
4583	39	103	409002
4272	39	103	410000
1748	39	103	411001
2941	39	103	411002
4319	39	103	412000
5565	39	103	413000
4039	39	103	415100
4409	39	103	415200
4294	39	103	415300
4726	39	103	415400
6875	39	103	415800
5481	39	103	416000
4833	39	103	416100
3878	39	103	416200
2604	39	103	416300
3353	39	103	416400
7763	39	103	417000
6205	39	103	417100
7344	39	103	417200
4585	39	103	417300
4323	39	105	964100
4800	39	105	964200
4658	39	105	964300
3243	39	105	964400
3160	39	105	964500
3380	39	105	964600
3661	39	107	967200
4721	39	107	967300
4625	39	107	967400
4857	39	107	967500
3089	39	107	967600
6226	39	107	967700
1971	39	107	967800
6617	39	107	967900
5022	39	107	968000
4545	39	109	300100
3982	39	109	315001
4862	39	109	315002
5888	39	109	315100
4786	39	109	315300
3713	39	109	320100
2770	39	109	325000
3418	39	109	330100
5184	39	109	340100
4767	39	109	345000
7833	39	109	350100
6188	39	109	355001
1663	39	109	355002
8655	39	109	365000
3979	39	109	365101
5022	39	109	365102
3476	39	109	365200
5856	39	109	365301
5794	39	109	365302
6188	39	109	380100
4576	39	109	390100
3258	39	111	966600
3716	39	111	966700
3907	39	111	966800
3709	39	111	966900
2727	39	113	000100
2542	39	113	000200
1773	39	113	000300
3911	39	113	000400
4088	39	113	000500
1800	39	113	000600
2643	39	113	000700
3284	39	113	000801
2188	39	113	000802
2572	39	113	000900
1144	39	113	001000
4130	39	113	001100
1077	39	113	001200
3605	39	113	001501
2167	39	113	001600
682	39	113	001700
5591	39	113	001800
4519	39	113	001900
3081	39	113	002000
3335	39	113	002200
3028	39	113	002300
2487	39	113	002400
5356	39	113	002500
5220	39	113	002600
2172	39	113	002700
2059	39	113	002800
4010	39	113	002900
3078	39	113	003000
2535	39	113	003100
3131	39	113	003201
4355	39	113	003300
7101	39	113	003402
3889	39	113	003403
1913	39	113	003404
2312	39	113	003500
3276	39	113	003800
2290	39	113	003900
2343	39	113	004100
2417	39	113	004200
2189	39	113	004300
2342	39	113	004400
1632	39	113	004600
2016	39	113	010100
7134	39	113	010200
2901	39	113	020100
2921	39	113	020200
2657	39	113	020300
6462	39	113	020400
1460	39	113	020500
1774	39	113	020601
1669	39	113	020602
3033	39	113	020700
2441	39	113	020800
2509	39	113	020900
1681	39	113	021000
3223	39	113	021100
1717	39	113	021200
2923	39	113	021301
2056	39	113	021302
2666	39	113	021400
2963	39	113	021501
1606	39	113	021502
2174	39	113	021601
3394	39	113	021602
2433	39	113	021700
2101	39	113	021800
2083	39	113	021900
4559	39	113	030100
2925	39	113	030200
1751	39	113	040101
2177	39	113	040102
2775	39	113	040103
2791	39	113	040201
2530	39	113	040203
4962	39	113	040204
5647	39	113	040302
5039	39	113	040303
2876	39	113	040305
5112	39	113	040306
5096	39	113	040401
3953	39	113	040403
5572	39	113	040405
6343	39	113	040406
3738	39	113	050101
8503	39	113	050103
2327	39	113	050104
4781	39	113	050105
2968	39	113	050301
5329	39	113	050302
4410	39	113	050303
5072	39	113	050401
2355	39	113	050402
2885	39	113	050502
6360	39	113	050503
6346	39	113	050504
3917	39	113	050600
3189	39	113	060100
1698	39	113	060200
4202	39	113	060300
4788	39	113	070101
3429	39	113	070102
1514	39	113	070201
1857	39	113	070202
2734	39	113	070300
2392	39	113	070400
4054	39	113	070500
1157	39	113	070600
3561	39	113	070700
5780	39	113	080100
2781	39	113	080200
2221	39	113	080300
3274	39	113	080400
6652	39	113	080500
1622	39	113	080600
2116	39	113	080700
5975	39	113	090302
3504	39	113	090303
7002	39	113	090304
3696	39	113	090600
1458	39	113	090700
1344	39	113	090800
3738	39	113	090900
2471	39	113	091000
2822	39	113	091100
6253	39	113	100101
5819	39	113	100102
4678	39	113	100201
2490	39	113	100202
5115	39	113	100203
4093	39	113	100301
3064	39	113	100302
4842	39	113	100400
1269	39	113	110100
4437	39	113	110201
2837	39	113	110202
3807	39	113	115002
5673	39	113	115011
5504	39	113	115012
5118	39	113	120101
4890	39	113	120102
2878	39	113	120103
6251	39	113	125000
7455	39	113	125101
6209	39	113	125102
2471	39	113	130101
6421	39	113	130102
5994	39	113	140100
6340	39	113	150100
1965	39	113	160100
6468	39	113	165000
2672	39	113	165100
1667	39	113	165200
0	39	113	980000
3752	39	115	968800
4204	39	115	968900
3845	39	115	969000
3176	39	115	969100
4080	39	117	965000
4608	39	117	965100
7038	39	117	965200
5911	39	117	965300
6441	39	117	965400
6913	39	117	965500
4790	39	119	911000
5776	39	119	911100
6735	39	119	911200
6138	39	119	911300
3534	39	119	911400
4778	39	119	911500
5955	39	119	911600
3547	39	119	911700
3167	39	119	911800
3566	39	119	911900
3201	39	119	912000
3504	39	119	912100
3365	39	119	912200
4297	39	119	912300
4090	39	119	912400
4497	39	119	912500
3583	39	119	912600
5624	39	119	912700
5800	39	119	912800
4071	39	121	968300
7152	39	121	968400
3338	39	121	968500
705	39	123	050100
1809	39	123	050201
1769	39	123	050202
2676	39	123	050301
2461	39	123	050302
3080	39	123	050500
3489	39	123	050600
3372	39	123	050700
4233	39	123	050800
5656	39	123	050900
5055	39	123	051000
3775	39	123	051100
3224	39	123	051200
2899	39	125	960100
4400	39	125	960200
4061	39	125	960300
4223	39	125	960400
3710	39	125	960500
7398	39	127	965800
6744	39	127	965900
5073	39	127	966000
4613	39	127	966100
5940	39	127	966200
6232	39	127	966300
1743	39	129	020100
2646	39	129	020200
5182	39	129	020310
3419	39	129	020320
2634	39	129	020400
7940	39	129	021100
7642	39	129	021200
3215	39	129	021300
3383	39	129	021401
6907	39	129	021402
3401	39	129	021500
3324	39	129	021600
4843	39	129	021700
5791	39	131	952200
5273	39	131	952300
3158	39	131	952400
3801	39	131	952500
5944	39	131	952600
4537	39	131	952700
3677	39	133	600102
5913	39	133	600103
6115	39	133	600200
8743	39	133	600301
6825	39	133	600302
6226	39	133	600401
5383	39	133	600402
4701	39	133	600403
5646	39	133	600500
2828	39	133	600602
3535	39	133	600603
1824	39	133	600703
1672	39	133	600704
2576	39	133	600705
2919	39	133	600706
3303	39	133	600800
3814	39	133	600901
5479	39	133	600902
2458	39	133	601000
5699	39	133	601100
4367	39	133	601200
7831	39	133	601300
4997	39	133	601400
2413	39	133	601501
5960	39	133	601502
4642	39	133	601503
3900	39	133	601600
5646	39	133	601701
6094	39	133	601702
3878	39	133	601801
4311	39	133	601802
2716	39	133	601901
2809	39	133	601902
5283	39	133	602000
7370	39	133	602100
3285	39	135	400100
2275	39	135	410100
4551	39	135	420100
2767	39	135	430100
3820	39	135	440100
2066	39	135	450100
2377	39	135	455001
5529	39	135	455002
3015	39	135	460100
3528	39	135	470101
4312	39	135	470102
4362	39	135	480100
4531	39	137	030100
5915	39	137	030200
7807	39	137	030300
3217	39	137	030400
3758	39	137	030500
4336	39	137	030600
4692	39	137	030700
2481	39	139	000400
3649	39	139	000500
3149	39	139	000600
3052	39	139	000700
2674	39	139	000800
4323	39	139	000900
4779	39	139	001000
2911	39	139	001100
3966	39	139	001200
3395	39	139	001300
2032	39	139	001400
2062	39	139	001500
2218	39	139	001600
5315	39	139	001700
3511	39	139	001800
6152	39	139	001900
5399	39	139	002000
5359	39	139	002101
4473	39	139	002102
6930	39	139	002200
6099	39	139	002300
5608	39	139	002400
4003	39	139	002500
4983	39	139	002600
4877	39	139	002700
4047	39	139	002800
4393	39	139	002900
5083	39	139	003001
3572	39	139	003002
2318	39	139	003100
6241	39	141	955500
2265	39	141	955601
5433	39	141	955602
4089	39	141	955603
5905	39	141	955700
7140	39	141	955800
4044	39	141	955900
5145	39	141	956000
3622	39	141	956100
2353	39	141	956200
3158	39	141	956300
3447	39	141	956400
4167	39	141	956500
5274	39	141	956600
4398	39	141	956700
6100	39	141	956800
4771	39	141	956900
3482	39	143	960800
3498	39	143	960900
4170	39	143	961000
4157	39	143	961100
3892	39	143	961200
4384	39	143	961300
3085	39	143	961400
4319	39	143	961500
3272	39	143	961600
2952	39	143	961700
4023	39	143	961800
3801	39	143	961900
6135	39	143	962000
4891	39	143	962100
4437	39	143	962200
4881	39	145	002100
5174	39	145	002200
4908	39	145	002300
6078	39	145	002400
2835	39	145	002500
4145	39	145	002600
5279	39	145	002700
4862	39	145	002800
6087	39	145	002900
3560	39	145	003000
3581	39	145	003100
1875	39	145	003200
2399	39	145	003300
3247	39	145	003400
2425	39	145	003500
2343	39	145	003600
3422	39	145	003700
4579	39	145	003800
2809	39	145	003900
4031	39	145	004000
3741	39	147	962500
4226	39	147	962600
3401	39	147	962700
3640	39	147	962800
3946	39	147	962900
3414	39	147	963000
4513	39	147	963100
4210	39	147	963200
3936	39	147	963300
4317	39	147	963400
3627	39	147	963500
4488	39	147	963600
4813	39	147	963700
3828	39	147	963800
4403	39	149	971400
5451	39	149	971500
4884	39	149	971600
4368	39	149	971700
5651	39	149	971800
4440	39	149	971900
3462	39	149	972000
5489	39	149	972100
5590	39	149	972200
5427	39	149	972300
1152	39	151	700100
6179	39	151	700200
2750	39	151	700300
4816	39	151	700400
2925	39	151	700500
3225	39	151	700600
6891	39	151	700700
3998	39	151	700800
3214	39	151	701000
3153	39	151	701100
3599	39	151	701200
4644	39	151	701300
2856	39	151	701500
2840	39	151	701700
2406	39	151	701800
3350	39	151	702100
3411	39	151	702300
3238	39	151	702500
4824	39	151	710200
3436	39	151	710300
842	39	151	710400
4477	39	151	710500
4840	39	151	710600
3544	39	151	710700
5429	39	151	710800
4357	39	151	710900
7459	39	151	711000
4941	39	151	711111
5141	39	151	711112
6591	39	151	711121
5864	39	151	711122
4152	39	151	711202
6959	39	151	711211
2591	39	151	711212
7881	39	151	711311
7086	39	151	711312
3943	39	151	711321
3278	39	151	711322
6662	39	151	711402
3796	39	151	711411
4305	39	151	711412
3948	39	151	711501
3153	39	151	711502
6114	39	151	711600
5518	39	151	711700
4778	39	151	711800
5000	39	151	711900
4285	39	151	712000
7283	39	151	712102
6060	39	151	712111
1755	39	151	712112
6402	39	151	712201
5754	39	151	712202
5963	39	151	712300
7083	39	151	712400
1982	39	151	712500
2368	39	151	712601
4732	39	151	712602
5475	39	151	712700
4818	39	151	712800
4053	39	151	712900
3703	39	151	713000
5823	39	151	713100
7163	39	151	713201
2043	39	151	713202
4595	39	151	713300
5504	39	151	713401
4253	39	151	713402
5213	39	151	713501
5497	39	151	713502
2378	39	151	713600
2310	39	151	713700
2008	39	151	713900
4286	39	151	714000
3564	39	151	714100
2840	39	151	714200
4270	39	151	714302
3719	39	151	714400
4247	39	151	714600
5651	39	151	714701
2779	39	151	714702
6520	39	151	714801
2797	39	151	714802
3938	39	151	714901
3673	39	151	714902
2747	39	151	715000
1687	39	153	501100
1480	39	153	501700
805	39	153	501800
2477	39	153	501900
2993	39	153	502101
4366	39	153	502102
5709	39	153	502200
5145	39	153	502300
860	39	153	502500
2974	39	153	502600
6489	39	153	502700
4341	39	153	502800
2157	39	153	503100
2018	39	153	503200
5284	39	153	503300
1403	39	153	503400
3469	39	153	503500
4159	39	153	503600
5820	39	153	503701
5918	39	153	503702
3945	39	153	503800
1407	39	153	504100
2311	39	153	504200
1291	39	153	504400
2226	39	153	504500
3432	39	153	504600
4738	39	153	504700
4746	39	153	504800
1338	39	153	505200
1452	39	153	505300
3550	39	153	505400
2702	39	153	505500
1270	39	153	505600
2548	39	153	505700
5131	39	153	505800
2647	39	153	505900
5630	39	153	506100
4058	39	153	506200
3071	39	153	506400
2653	39	153	506500
2802	39	153	506600
1322	39	153	506700
2147	39	153	506800
4494	39	153	507101
2697	39	153	507102
2548	39	153	507201
3512	39	153	507202
4791	39	153	507203
2933	39	153	507300
980	39	153	507400
6294	39	153	507500
4477	39	153	507600
4549	39	153	508000
2166	39	153	508301
4883	39	153	508399
2933	39	153	508600
6303	39	153	508800
4531	39	153	508900
1752	39	153	509000
2711	39	153	510100
4224	39	153	510200
5257	39	153	510301
6058	39	153	510302
3718	39	153	510400
4369	39	153	510500
1891	39	153	520103
4623	39	153	520104
4164	39	153	520105
2700	39	153	520106
2834	39	153	520201
4454	39	153	520202
3477	39	153	520301
3390	39	153	520302
4724	39	153	520400
4473	39	153	520500
3502	39	153	520600
5415	39	153	530101
4616	39	153	530103
7287	39	153	530104
2174	39	153	530105
4569	39	153	530108
3585	39	153	530401
3381	39	153	530402
5420	39	153	530501
3415	39	153	530502
4664	39	153	530603
3453	39	153	530604
5133	39	153	530605
5690	39	153	530606
2520	39	153	530700
6514	39	153	530800
4629	39	153	530901
5986	39	153	530902
5154	39	153	530903
3449	39	153	531001
5861	39	153	531002
3447	39	153	531101
4256	39	153	531102
3216	39	153	531103
7159	39	153	531401
4444	39	153	531405
8371	39	153	531500
4455	39	153	531601
2977	39	153	531602
3632	39	153	531701
4564	39	153	531702
5291	39	153	531801
4690	39	153	531802
3661	39	153	532001
4397	39	153	532003
3994	39	153	532004
6393	39	153	532202
5552	39	153	532301
5635	39	153	532302
3225	39	153	532501
2973	39	153	532502
3007	39	153	532600
7211	39	153	532701
3658	39	153	532702
5859	39	153	532703
7301	39	153	532705
3700	39	153	532706
5411	39	153	532708
1486	39	153	532901
8317	39	153	532902
5861	39	153	532999
1593	39	153	533000
4947	39	153	533101
2680	39	153	533102
5398	39	153	533200
5951	39	153	533400
8218	39	153	533501
3910	39	153	533502
6596	39	153	534000
2730	39	153	534100
2837	39	155	920300
2538	39	155	920400
1026	39	155	920500
3469	39	155	920600
4969	39	155	920700
2031	39	155	920800
3454	39	155	920900
5281	39	155	921000
3857	39	155	921100
1942	39	155	921200
2398	39	155	921300
3272	39	155	921400
5152	39	155	921500
4263	39	155	921600
2929	39	155	930101
2672	39	155	930102
2681	39	155	930200
3780	39	155	930300
4120	39	155	930400
6044	39	155	930500
3672	39	155	930600
4130	39	155	930700
4921	39	155	930800
7123	39	155	930900
5755	39	155	931000
2541	39	155	931100
3942	39	155	931200
4321	39	155	931300
4416	39	155	931400
3791	39	155	931500
4362	39	155	931601
3246	39	155	931602
1968	39	155	931700
5960	39	155	931900
6069	39	155	932000
2746	39	155	932200
5591	39	155	932300
3219	39	155	932500
3474	39	155	932600
5984	39	155	932701
2346	39	155	932702
3004	39	155	932801
3649	39	155	932802
2398	39	155	932900
5998	39	155	933001
4319	39	155	933002
2499	39	155	933100
2768	39	155	933301
4471	39	155	933302
3374	39	155	933400
3797	39	155	933500
4963	39	155	933600
2821	39	155	933700
2958	39	155	933800
2285	39	155	933900
5193	39	157	020100
3877	39	157	020200
3620	39	157	020300
5546	39	157	020400
5093	39	157	020500
5106	39	157	020600
6454	39	157	020700
5972	39	157	020800
4145	39	157	020900
4997	39	157	021000
2699	39	157	021100
2949	39	157	021200
4665	39	157	021300
2338	39	157	021400
7319	39	157	021500
4626	39	157	021600
5525	39	157	021700
2824	39	157	021800
2669	39	157	021900
3569	39	157	022001
3430	39	157	022002
3717	39	159	050100
4771	39	159	050200
3660	39	159	050301
6855	39	159	050303
2309	39	159	050304
9489	39	159	050400
5256	39	159	050500
4995	39	159	050601
4012	39	159	050602
8026	39	159	050700
3786	39	161	020100
4429	39	161	020200
2797	39	161	020300
3003	39	161	020400
3291	39	161	020500
1892	39	161	020600
1812	39	161	020700
4264	39	161	020800
3338	39	161	020900
5216	39	163	953000
4994	39	163	953100
3109	39	163	953200
4283	39	165	030101
3757	39	165	030102
1201	39	165	030200
3770	39	165	030501
5432	39	165	030503
4936	39	165	030504
3848	39	165	030600
6908	39	165	030700
6526	39	165	030800
13322	39	165	030900
8429	39	165	031000
3723	39	165	031100
8201	39	165	031200
4972	39	165	031300
4965	39	165	031400
4988	39	165	031500
8183	39	165	031600
4332	39	165	031700
10315	39	165	031902
16969	39	165	031903
6378	39	165	031904
6902	39	165	032003
6055	39	165	032004
10425	39	165	032005
3517	39	165	032006
6639	39	165	032007
6076	39	165	032100
19743	39	165	032201
5559	39	165	032202
4517	39	165	032300
4843	39	165	032400
3629	39	165	032501
4280	39	165	032502
3781	39	167	020101
2146	39	167	020102
6910	39	167	020200
3708	39	167	020300
2315	39	167	020400
2679	39	167	020500
3888	39	167	020800
2450	39	167	020900
3748	39	167	021000
4053	39	167	021100
5665	39	167	021200
4972	39	167	021300
3887	39	167	021400
1410	39	167	021500
3897	39	167	021600
5964	39	167	021700
3517	39	169	000100
3029	39	169	000200
2738	39	169	000300
4114	39	169	000500
5523	39	169	000600
7068	39	169	000700
7190	39	169	000800
3870	39	169	000900
2775	39	169	001000
1422	39	169	001100
1329	39	169	001200
4135	39	169	001300
3193	39	169	001400
7550	39	169	001700
3890	39	169	001800
3066	39	169	001900
3101	39	169	002000
2850	39	169	002100
3996	39	169	002200
3023	39	169	002300
3620	39	169	002400
2628	39	169	002500
3588	39	169	002901
5084	39	169	002902
2195	39	169	003000
2267	39	169	003100
3658	39	169	003200
3014	39	169	003300
3384	39	169	003400
3456	39	169	003500
3635	39	169	003700
1070	39	169	980000
4980	39	171	950100
4150	39	171	950200
4538	39	171	950300
4644	39	171	950400
4037	39	171	950500
4643	39	171	950600
4286	39	171	950700
3310	39	171	950800
2905	39	171	950900
5285	39	173	020100
2780	39	173	020200
4772	39	173	020300
5299	39	173	020401
5428	39	173	020402
2170	39	173	020500
4316	39	173	020601
6983	39	173	020602
6928	39	173	020700
4123	39	173	020800
7004	39	173	020900
3924	39	173	021000
3971	39	173	021100
5905	39	173	021200
3573	39	173	021300
3254	39	173	021400
2477	39	173	021500
6934	39	173	021600
3259	39	173	021701
5319	39	173	021702
5737	39	173	021800
3920	39	173	021901
5812	39	173	021902
4290	39	173	022100
2461	39	173	022200
3973	39	173	022300
3703	39	173	022400
4539	39	173	022500
4065	39	175	938000
4641	39	175	938100
3897	39	175	938200
3644	39	175	938300
3098	39	175	938400
3190	39	175	938500
